id,title,author_first_name,author_last_name,genre,status,rating
1,"Charter Trip, The (a.k.a. Package Tour, The) (Sällskapsresan)",Leyla,Edmans,Comedy,0,0
2,Who Wants to Kill Jessie? (Kdo chce zabít Jessii?),Reginald,Shortland,Comedy|Sci-Fi,0,0
3,Leo the Last,Perkin,Weathey,Comedy|Drama,0,0
4,Never on Sunday (Pote tin Kyriaki),Duff,Blueman,Comedy|Drama,1,0
5,Division III: Football's Finest,Flinn,Knuckles,Comedy|Romance,0,0
6,Ethel,Merola,Rulten,Documentary,0,0
7,The Bronze,Nixie,Suter,Comedy|Drama,0,0
8,"Factory, The",Lisetta,Church,Mystery|Thriller,0,0
9,Love and Death on Long Island,Tuckie,Toffts,Comedy|Drama,0,0
10,"Stuff, The",Christalle,Waistell,Comedy|Horror|Mystery|Sci-Fi,0,0
11,Ladies of Leisure,Pepillo,Linacre,Romance,1,0
12,Big Girls Don't Cry... They Get Even (Stepkids),Doralynne,Haresnape,Comedy,0,0
13,Note by Note: The Making of Steinway L1037,Welsh,Tomisch,Documentary,0,0
14,On the Other Side of the Tracks (De l'autre côté du périph),Danell,Speenden,Action|Comedy|Crime,0,0
15,Evan Almighty,Marshall,Bockh,Comedy|Fantasy,0,0
16,In July (Im Juli),Talbert,Maharey,Comedy|Romance,0,0
17,Rockaway,Madel,McIlwain,Action|Crime|Drama,0,0
18,After Alice (Eye of the Killer),Darius,LaBastida,Crime|Drama|Mystery|Thriller,0,0
19,Blind Spot: Hitler's Secretary (Im toten Winkel - Hitlers Sekretärin),Fields,Cleminshaw,Documentary,0,0
20,Cyrano de Bergerac,Madge,Ferreira,Comedy|Drama|Romance,0,0
21,Seven Ways from Sundown,Madella,How,Action|Adventure|Western,1,0
22,Ong-Bak 2: The Beginning (Ong Bak 2),Ozzy,Agate,Action,1,0
23,Thunderball,Larine,Halfpenny,Action|Adventure|Thriller,0,0
24,"Friend Among Strangers, Stranger Among Friends (Svoy sredi chuzhikh, chuzhoy sredi svoikh)",Basil,Szymoni,Action|War|Western,0,0
25,"I, Madman",Glenn,Pierro,Horror,0,0
26,Under the Volcano,Berkie,Hazeley,Drama,0,0
27,Jeremy,Rosy,Balam,Drama|Romance,0,0
28,"Devil's Trap, The (Dáblova past)",Alasteir,Mohammad,Drama,0,0
29,The Perfect World of Kai,Fitz,Crampsey,Animation|Drama,0,0
30,Chained for Life,Jaclin,Siddens,Crime,0,0
31,"Milky Way, The",Didi,Wilkerson,Comedy,0,0
32,"Unholy Rollers, The",Lenard,Smithen,Action|Comedy|Drama,0,0
33,Vampire Academy,Martguerita,Mindenhall,Action|Comedy|Fantasy,0,0
34,Chinese Puzzle (Casse-tête chinois),Rickie,Corder,Comedy|Romance,1,0
35,Pete's Dragon,Bonny,Rodolf,Adventure|Animation|Children|Musical,1,0
36,"Rain People, The",Derward,Tippler,Drama,0,0
37,Animal Kingdom,Flossie,Epdell,Crime|Drama,0,0
38,Scarecrows,Garv,Beeho,Horror,0,0
39,Isadora,Gerti,Mogie,Drama,1,0
40,Dr. Giggles,Justina,Grisenthwaite,Comedy|Horror,0,0
41,The Admirable Crichton,Milzie,Dockreay,Comedy,1,0
42,Everybody's Got Somebody... Not Me,Dean,Hasel,Drama,0,0
43,In the Mix,Gabe,Sawbridge,Comedy|Crime|Romance,0,0
44,Valerie and Her Week of Wonders (Valerie a týden divu),Tamarah,Bottby,Adventure|Drama|Fantasy,0,0
45,Brigham City,Ethelred,Morrish,Crime|Drama|Mystery,2,0
46,Lilting,Clevie,Varian,Drama,0,0
47,Charlie Countryman,Sherline,Bocken,Action|Comedy|Romance,0,0
48,Solitary Man,Charles,Fritchley,Comedy|Drama,0,0
49,"Profit, The",Lurline,Ansett,Drama,0,0
50,"Soldier's Tale, A",Sheffy,Kilday,Drama|Romance|War,0,0
51,Stolen (Stolen Lives),Saxon,Petschel,Crime|Drama|Mystery|Thriller,0,0
52,Prisoners,Luca,Blackborow,Drama|Mystery|Thriller,0,0
53,Open Grave,Alli,Grigaut,Horror|Mystery|Thriller,1,0
54,Three Smart Girls Grow Up,Chip,Morffew,Comedy|Musical|Romance,0,0
55,Don Juan DeMarco,Isac,Lum,Comedy|Drama|Romance,0,0
56,Live Music,Julissa,Yerrington,Animation,0,0
57,Everyone Else (Alle Anderen),Lizette,Tarte,Drama|Romance,0,0
58,"Tetsuo, the Ironman (Tetsuo)",Case,Anthona,Action|Horror|Sci-Fi|Thriller,0,0
59,"Presidio, The",Alex,Venmore,Action|Crime|Romance|Thriller,0,0
60,"Motel, The",Lamond,Van de Velde,Comedy|Drama,0,0
61,"Winner, The",Emelita,Sinyard,Comedy|Crime|Thriller,0,0
62,Impulse,Thadeus,Spruce,Mystery|Sci-Fi|Thriller,0,0
63,Rubber,Teri,Pleavin,Action|Adventure|Comedy|Crime|Drama|Film-Noir|Horror|Mystery|Thriller|Western,0,0
64,Foxcatcher,Portia,Marham,Drama,0,0
65,In Two Minds,Ezri,Binnell,(no genres listed),0,0
66,Smiles of a Summer Night (Sommarnattens leende),Merwin,Hearthfield,Comedy|Romance,0,0
67,"Die, Mommie, Die",Euphemia,Sketh,Comedy,0,0
68,Dark Alibi,Maribel,McCuaig,Crime|Drama|Mystery|Thriller,0,0
69,Kick-Ass 2,Rollins,Lepere,Action|Comedy|Crime,0,0
70,Shrek,Katy,Speight,Adventure|Animation|Children|Comedy|Fantasy|Romance,0,0
71,"Mark, The",Feodor,Kirkbride,Drama,0,0
72,Gone Baby Gone,Frans,Schild,Crime|Drama|Mystery,0,0
73,More Dead Than Alive,Ryun,Ogilvy,Romance|Western,0,0
74,Up!,Philbert,Nannetti,Comedy,0,0
75,Carson City,Marget,Kindleysides,Action|Romance|Western,0,0
76,What's the Matter with Helen?,Bidget,Hinkens,Crime|Drama|Horror|Musical,0,0
77,Carrington,Guthrie,Blincow,Drama|Romance,0,0
78,"Pandora's Box (Büchse der Pandora, Die)",Kerrill,Dohmann,Drama,0,0
79,After Porn Ends,Jessamyn,Durbann,Documentary,0,0
80,Dawn of the Dead,Sunny,Wrankmore,Action|Drama|Horror|Thriller,0,0
81,Árido Movie,Danyette,Cane,Drama,1,0
82,Athena,Mord,Labrenz,Comedy|Musical|Romance,0,0
83,Barefoot (Barfuss),Teena,MacCaughey,Comedy|Drama|Romance,0,0
84,"Pyx, The",Emmit,Olivari,Crime|Horror|Thriller,0,0
85,Saturday Night and Sunday Morning,Banky,Harnett,Drama,1,0
86,Are You Listening?,Ingrid,Mellsop,Drama,0,0
87,Modern Times,Jordana,Gullane,Comedy|Drama|Romance,0,0
88,G.I. Joe: The Movie,Paten,Layus,Action|Adventure|Animation|Children|Fantasy|Sci-Fi,1,0
89,Love Wrecked,Caralie,Crumly,Comedy|Romance,0,0
90,Extreme Days,Adams,Dombrell,Action|Adventure|Comedy|Drama,2,0
91,Moonlight and Cactus,Violette,Gravestone,Comedy|Musical|Western,0,0
92,Kingdom of Heaven,Christie,Herculeson,Action|Drama|Romance|War,0,0
93,Drifting Clouds (Kauas pilvet karkaavat),Debbie,Frail,Comedy|Drama,0,0
94,ZMD: Zombies of Mass Destruction,Kliment,Laxton,Comedy|Horror,0,0
95,"Shoes of the Fisherman, The",Caren,Johnes,Drama,2,0
96,"Music Never Stopped, The",Aaron,Fronczak,Drama,0,0
97,Leatherface: Texas Chainsaw Massacre III,Grace,Tyt,Comedy|Horror|Thriller,0,0
98,Dark Matter,Saba,McConnell,Drama,2,0
99,Paradise: Faith (Paradies: Glaube),Bartlet,Howett,Drama,0,0
100,Rat King,Winnifred,Yirrell,Mystery|Thriller,0,0
101,Bad Company,Nickey,Eiler,Action|Crime|Drama,0,0
102,"Saint of Fort Washington, The",Valera,Edon,Drama,0,0
103,Pride of the Marines,Cathyleen,Hallows,Drama|War,0,0
104,Smooth Talk,Cristian,Overstall,Drama|Romance,0,0
105,"Lucky Texan, The",Gerrie,McKerley,Romance|Western,0,0
106,"Two Escobars, The",Fraze,Tansley,Crime|Documentary,0,0
107,Dark Forces (Harlequin),Revkah,Thoms,Drama|Fantasy|Mystery,1,0
108,Sands of Iwo Jima,Caz,Lillegard,Action|Drama|Romance|War,0,0
109,"Day of the Crows, The (Le jour des corneilles)",Suzy,Carsey,Animation|Children|Comedy|Fantasy,0,0
110,"Devil's Own, The",Doti,Kopman,Action|Drama|Thriller,0,0
111,The Miracle of Our Lady of Fatima,Shalna,Tine,Drama,0,0
112,Crazy Love (a.k.a. Love Is a Dog from Hell),Madonna,Conneely,Drama,0,0
113,Titus,Pierre,Hoyle,Drama,0,0
114,I Am Jesus,Konstantin,Klimke,Documentary,2,0
115,Deserter (Dezertir),Iosep,Tayspell,Drama,0,0
116,Hercules,Bethina,McMorran,Action|Adventure|Fantasy,0,0
117,Offside,Ashlee,Iacobetto,Comedy|Drama,0,0
118,"Newton Boys, The",Ruddie,Weddell,Crime|Drama,0,0
119,Jack Ryan: Shadow Recruit,Carmita,Kemer,Action|Drama|Thriller|IMAX,0,0
120,"Harvest: 3,000 Years (Mirt Sost Shi Amit)",Yancy,Lilian,Drama,0,0
121,Bring on the Night,Dene,McGrae,Documentary|Musical,0,0
122,Abbott and Costello Meet Dr. Jekyll and Mr. Hyde,Vivianne,Beazley,Comedy|Horror|Sci-Fi,0,0
123,Wedlock,Louisa,Grishakov,Action|Crime|Drama|Sci-Fi|Thriller,1,0
124,Barcelona,Dulsea,Demange,Comedy|Romance,1,0
125,Noam Chomsky: Distorted Morality,Ruprecht,Facchini,Documentary,0,0
126,Will It Snow For Christmas? (Y'aura-t-il de la neige à Noël?),Fernando,Tomaszewicz,Drama,0,0
127,Of Mice and Men,Currey,Norkutt,Drama,0,0
128,"Child, The (L'enfant)",Matt,McAsgill,Crime|Drama,0,0
129,"Match, The",Colin,Lorrimer,Comedy|Romance,1,0
130,"Walker, The",Erminia,Geldart,Drama|Mystery,0,0
131,Emergency Squad,Alessandra,Shave,Action|Thriller,1,0
132,Shadow of Angels (Schatten der Engel),Marcie,Dillimore,Drama,0,0
133,Client 9: The Rise and Fall of Eliot Spitzer,Lenette,Easterling,Documentary,2,0
134,21 Jump Street,Ivory,Gilling,Action|Comedy|Crime,1,0
135,Naughty Marietta,Lilias,Mather,Drama|Musical,0,0
136,"Lord, Save Us from Your Followers",Adam,Tettersell,Documentary,0,0
137,Camilla,Richie,Bellow,Adventure|Drama|Romance,0,0
138,One Night of Love,Andrea,Tunnadine,Romance,0,0
139,Private Romeo,Kaylil,Fernier,Drama,0,0
140,HazMat,Andre,Annies,Horror,0,0
141,Blues Harp,Janessa,Paradine,Crime|Drama,0,0
142,"Blue Umbrella, The",Rip,Stanyer,Animation,0,0
143,Vampires,Ashley,Gauchier,Horror|Western,0,0
144,Woyzeck,Coraline,Tivnan,Drama,0,0
145,Dot the I,Kristien,Duffell,Drama|Film-Noir|Thriller,0,0
146,Freeloaders,Calli,Stolte,Comedy,0,0
147,"Gang's All Here, The",Dilly,Malins,Comedy|Musical|Romance,0,0
148,Ten Little Indians,Sophia,Verrills,Crime|Mystery,0,0
149,Adios Carmen,Gerrilee,Epton,Drama,0,0
150,My Girl 2,Laural,Vaines,Comedy|Drama|Romance,0,0
151,Peter Pan,Claudie,Ralston,Action|Adventure|Children|Fantasy,0,0
152,Ed,Dennis,Sawforde,Comedy,0,0
153,"Death Kiss, The",Elsinore,Armfirld,Comedy|Mystery,0,0
154,"Satanic Rites of Dracula, The",Demetri,Reinbeck,Horror,0,0
155,"Farmer's Wife, The",Tobiah,Elijahu,Comedy,2,0
156,Homeward Bound: The Incredible Journey,Nichols,Gutteridge,Adventure|Children|Drama,0,0
157,Mad Dog Time,Lydon,Shawel,Crime,0,0
158,Ordinary Decent Criminal,Adan,Gamlen,Comedy|Crime,0,0
159,Fiend with the Electronic Brain (Blood of Ghastly Horror),Manolo,Grinston,Horror|Sci-Fi,0,0
160,Astro Boy,Eberhard,Tarburn,Action|Animation|Children|Sci-Fi,1,0
161,Paparazzi,Ki,Hayle,Drama|Thriller,1,0
162,"Misérables, Les",Joelynn,Feild,Drama,0,0
163,Three Guys Named Mike,Luca,Newns,Comedy|Romance,0,0
164,Flashback,Taylor,Pury,Action|Comedy,0,0
165,Lili Marleen,Lanae,Malyj,Drama,0,0
166,The Wind in the Willows,Filip,Champneys,Adventure|Animation|Children|Comedy,0,0
167,Vulgar,Jimmy,Ridehalgh,Drama,0,0
168,Guy X,Joleen,Doogood,Comedy|War,0,0
169,The Swedish Moment,August,Duigenan,Comedy,0,0
170,Dances With the Dragons ( Yu long gong wu),Leoine,Fonte,Comedy|Drama|Romance,1,0
171,Buddy,Ignazio,Hayen,Comedy|Drama,0,0
172,Dodes'ka-den (Clickety-Clack),Erica,Leamon,Drama|Fantasy,0,0
173,Happy People: A Year in the Taiga,Antonella,Rogister,Documentary,0,0
174,Kidnapped For Christ,Faustine,Woolhouse,Documentary,2,0
175,Trainer on the Beach 2,Mamie,Shadrach,Comedy,0,0
176,You Got Served,Dalenna,Downes,Drama|Musical,0,0
177,1000 Journals,Rani,Masarrat,(no genres listed),0,0
178,Anna Madelina (Ngon na ma dak lin na),Herby,Greest,Comedy|Romance,0,0
179,Lianna,Bert,Yves,Drama|Romance,0,0
180,"Knot, The",Kaycee,Van Oord,Comedy|Romance,2,0
181,"Secret Six, The",Herminia,Withey,Crime,0,0
182,Tamara,Katrinka,Jeynes,Fantasy|Horror|Thriller,0,0
183,"Killers, The",Fons,Rammell,Action|Crime|Drama|Film-Noir|Thriller,0,0
184,The Gunman,Nanice,Vagg,Action|Thriller,0,0
185,Dance of the Dead,Keri,Semiraz,Adventure|Comedy|Horror,1,0
186,Crime at Porta Romana,Ileane,Sollars,Comedy|Crime,0,0
187,St. Ives,Kara,Linstead,Crime|Mystery|Thriller,0,0
188,Not Fade Away,Estevan,Safe,Drama,0,0
189,Wordplay,Mattheus,Fischer,Documentary,0,0
190,Pavilion of Women,Lianna,Parradye,Drama,0,0
191,Across the Pacific,Gertruda,Elwill,Action|Adventure|Romance|War,0,0
192,"Public Woman, The (Femme publique, La)",Melisandra,Mar,Drama,0,0
193,Guest from the Future (Gostya iz buduschego),Sandra,Brumble,Adventure|Drama|Sci-Fi,0,0
194,Dance with a Stranger,Chastity,Mewis,Crime|Drama|Thriller,0,0
195,New Rose Hotel,Carey,Cronshaw,Action|Drama,0,0
196,"Greatest Love, The (Europa '51)",Doti,Bendel,Drama,0,0
197,Trance,Ethyl,Stowell,Crime|Thriller,0,0
198,"Big Knife, The",Lisetta,Eckhard,Film-Noir,1,0
199,Shiver (Eskalofrío),Perrine,Rawsthorn,Horror|Thriller,0,0
200,Smoke on the Potato Fields (Dým bramborové nate),Ignatius,Gault,Drama,0,0
201,Requiem for a Dream,Madlin,Pack,Drama,0,0
202,"Big Green, The",Englebert,Mauser,Children|Comedy,0,0
203,The Hatchet Man,Urbanus,Raylton,Crime|Drama,0,0
204,"Fiancee, The (Parineeta)",Olly,Boyford,Drama,0,0
205,3 on a Couch (Three on a Couch),Reinald,Lamble,Comedy|Romance,0,0
206,Full Moon in Blue Water,Corrie,Gifkins,Drama,0,0
207,Futureworld,Liesa,Hooks,Sci-Fi|Thriller,0,0
208,Garden State,Ximenes,Hovee,Comedy|Drama|Romance,0,0
209,Brewster's Millions,Basil,MacCarlich,Comedy,0,0
210,My Super Ex-Girlfriend,Sancho,Whitehead,Comedy|Fantasy|Romance,0,0
211,I Accuse,Germaine,Dorro,Drama|Horror|War,0,0
212,Paradise Lost 2: Revelations,Bartlet,Blanchard,Documentary,0,0
213,Love and Sex under Nazi Occupation (Amour et sexe sous l'occupation) ,Elna,Osban,Documentary,0,0
214,Humoresque,Kalli,Housen,Drama|Romance,0,0
215,Goodbye Again,Marion,Girdwood,Drama|Romance,0,0
216,Barabbas,Dede,Barniss,Drama,0,0
217,"M. Hulot’s Holiday (Mr. Hulot's Holiday) (Vacances de Monsieur Hulot, Les)",Drusie,Pow,Comedy,0,0
218,Telefon,Pia,Gent,Action|Crime|Thriller,0,0
219,"I, Frankenstein",Andria,Matityahu,Action|Fantasy|Sci-Fi|IMAX,0,0
220,RoboCop,Katinka,Radbourn,Action|Crime|Sci-Fi|IMAX,0,0
221,"Country Bears, The",Izabel,Coventry,Children|Comedy,0,0
222,Don't Say a Word,Brandy,Neicho,Thriller,0,0
223,Strip-tease,Padraig,Bauduin,Drama,0,0
224,Nighthawks,Karry,Pietersen,Action|Drama,0,0
225,"Taming of the Shrew, The",Marie-ann,Baynard,Comedy,0,0
226,"Dispatch from Reuter's, A",Stearne,Sorrie,Drama,0,0
227,"Flintstones in Viva Rock Vegas, The",Igor,Macoun,Children|Comedy,0,0
228,Ivans xtc.,Pris,Pardoe,Drama,0,0
229,Raw Deal: A Question of Consent,Tallie,Ackred,Documentary,0,0
230,"Wild, The",Cherie,Satchel,Adventure|Animation|Children|Comedy|Fantasy,0,0
231,Green Dragon,Abigail,Denisovich,Drama,0,0
232,Document of the Dead,Nealson,Daintry,Documentary|Horror,0,0
233,Little Manhattan,Karl,Froude,Children|Comedy|Romance,0,0
234,Cyborg Girl (Boku no kanojo wa saibôgu),Dreddy,Gyrgorcewicx,Action|Comedy|Romance|Sci-Fi,0,0
235,Pretty Sweet,Lisetta,Matuszinski,Documentary,0,0
236,Dragon Ball Z: Bio-Broly (Doragon bôru Z 11: Sûpâ senshi gekiha! Katsu no wa ore da),Stacee,Paladino,Action|Adventure|Animation,0,0
237,Bling: A Planet Rock,Sansone,Langmuir,Documentary,0,0
238,Lone Wolf and Cub: Baby Cart to Hades (Kozure Ôkami: Shinikazeni mukau ubaguruma),Eric,Gruszecki,Action|Drama,0,0
239,Synthetic Pleasures,Alika,Bew,Documentary,1,0
240,Two Years at Sea,Nadine,Ethelston,Documentary,0,0
241,"Bat Whispers, The",Ava,Bigrigg,Crime|Drama|Mystery,0,0
242,Brother (Brat),Natty,Gawne,Crime|Drama,0,0
243,Jauja,Lily,Spenclay,Drama|Western,0,0
244,Zeus and Roxanne,Ruthi,MacFaell,Children,0,0
245,Summer in Berlin (Sommer vorm Balkon),Chelsae,Huckleby,Drama,1,0
246,DOA: Dead or Alive,Faydra,Gregoraci,Action|Adventure,0,0
247,Convict 13,Gustie,Mussetti,Comedy,2,0
248,Black Eagle,Olly,Shouler,Action|Drama,0,0
249,Twin Peaks: Fire Walk with Me,Kelvin,Arthan,Crime|Drama|Mystery|Thriller,0,0
250,It's in the Water,Gram,Sheraton,Comedy,0,0
251,Captive Heart: The James Mink Story,Theodosia,Iddison,Drama,0,0
252,"Steal Big, Steal Little",Geneva,Hurne,Comedy,0,0
253,Frank,Skell,Worstall,Comedy|Drama|Mystery,0,0
254,Accidents Happen,Say,Boynton,Comedy|Drama,2,0
255,1981,Corbie,Mc Ilwrick,Comedy|Drama|Romance,0,0
256,Flight Command,Hedvige,Ziems,Drama|War,0,0
257,"Oh, God! You Devil",Zebulen,Sparke,Comedy,0,0
258,Stage Fright (Deliria),Rossie,Herreros,Horror,0,0
259,Cherrybomb,Barret,Tuffield,Drama|Thriller,0,0
260,Thunderbirds Are GO,Leone,Bissatt,Action|Sci-Fi,0,0
261,Haiku Tunnel,Adamo,Alcide,Comedy,0,0
262,Inside Llewyn Davis,Andra,O'Sheeryne,Drama,0,0
263,"Prelude to War (Why We Fight, 1)",Carline,Levee,Documentary|War,0,0
264,Sintel,Reginauld,Novakovic,Animation|Fantasy,0,0
265,Cropsey,Maryanne,O'Fergus,Documentary|Horror,0,0
266,Ole dole doff,Conney,Calltone,Drama,0,0
267,Castle of Purity (El castillo de la pureza),Conney,McCowan,Drama,0,0
268,Red 2,Clair,Goshawke,Action|Comedy|Crime|Thriller,0,0
269,Loft (Rofuto),Bartie,Do,Horror,0,0
270,Blues Brothers 2000,Sibylla,Lundberg,Action|Comedy|Musical,1,0
271,Mindwalk,Charlena,Impey,Drama,0,0
272,Hell in the Pacific,Kurtis,Turn,Drama|War,1,0
273,Tremors,Hatty,Luckett,Comedy|Horror|Sci-Fi,0,0
274,"Topo, El",Georgeanne,Bonallack,Fantasy|Western,0,0
275,Swamp Thing,Dillie,Spivey,Horror|Sci-Fi,1,0
276,Who's Your Daddy?,Tobi,Aukland,Comedy,0,0
277,Coffin Rock,Ailene,Solloway,Thriller,0,0
278,"Punisher, The",Borden,Grimes,Action,0,0
279,Bed of Roses,Moria,Licas,Drama|Romance,0,0
280,"Best of Times, The",Hy,Bloor,Comedy|Drama,0,0
281,"Wonderful Ice Cream Suit, The",Luisa,Bridgstock,Children|Comedy|Fantasy,0,0
282,"Fall of the House of Usher, The (chute de la maison Usher, La)",Latashia,Torricina,Drama|Horror,0,0
283,Monsignor,Cindelyn,Nattrass,Drama|War,0,0
284,Obsession,Brittne,Cleal,Mystery|Thriller,0,0
285,Phantom Pain,Carlo,Monan,Drama,0,0
286,Happy Endings,Marillin,Danick,Comedy|Drama,0,0
287,Torrente 5: Operación Eurovegas,Marcelo,Lambis,Action|Comedy,0,0
288,Experimenter,Milicent,Kettow,Drama,0,0
289,Mujhse Shaadi Karogi,Jesse,Bowdery,Comedy|Romance,1,0
290,Gamera vs. Barugon,Madelena,Yokley,Action|Fantasy|Sci-Fi,0,0
291,Wild Beasts (Wild beasts - Belve feroci),Pete,O'Gormley,Horror,0,0
292,"Wes Craven's New Nightmare (Nightmare on Elm Street Part 7: Freddy's Finale, A)",Brandyn,Mawby,Drama|Horror|Mystery|Thriller,0,0
293,Soo (Art of Revenge),Austin,Clements,Action|Crime|Drama|Thriller,0,0
294,"Hamlet, Prince of Denmark",Karna,Bonifazio,Drama,0,0
295,Blow,Dian,Loade,Crime|Drama,0,0
296,Tightrope,Doretta,Dyshart,Thriller,0,0
297,BlinkyTM,Maye,McCorrie,Horror|Sci-Fi,0,0
298,"Lair of the White Worm, The",Inigo,Filippazzo,Horror,0,0
299,Visitor Q (Bizita Q),Nap,Farman,Comedy|Drama|Horror,0,0
300,Mad Dogs & Englishmen,Marcelia,Cloke,Documentary|Musical,0,0
301,"Big Stampede, The",Reinaldos,Tivenan,Western,0,0
302,"Girl from the Naked Eye, The",Charley,Kelby,Action|Romance|Thriller,0,0
303,Wishmaster 3: Beyond the Gates of Hell,Minerva,Enefer,Fantasy|Horror,0,0
304,White Night Wedding (Brúðguminn),Birdie,Collelton,Drama,1,0
305,Game Change,Marianne,Allone,Drama,0,0
306,Hit and Run (Hit & Run),Amandi,Pedler,Action|Comedy|Romance,0,0
307,She Creature (Mermaid Chronicles Part 1: She Creature),Lavinie,Thomasson,Fantasy|Horror|Thriller,0,0
308,Tidal Wave,Missie,Duell,Drama,0,0
309,Money Talks,Esmeralda,Colter,Action|Comedy,0,0
310,Broadway Bill,Clyde,Jovovic,Comedy|Drama,0,0
311,"Thief of Bagdad, The",Meggi,Housecroft,Adventure|Fantasy,0,0
312,"Second Civil War, The",Bartram,Housbey,Comedy|Drama,0,0
313,Role/Play,Perri,Mayte,Drama,0,0
314,Ghostbusters II,Una,Yetts,Comedy|Fantasy|Sci-Fi,1,0
315,"Perfect Getaway, A",Vladamir,Onn,Horror|Thriller,2,0
316,Judgment Night,Charis,Jeffries,Action|Crime|Thriller,0,0
317,Fred: The Movie,Zola,Skeete,Comedy,0,0
318,Many Rivers to Cross,Tabby,Bushnell,Comedy|Romance|Western,0,0
319,Lovers and Lollipops,Althea,Pittoli,Drama|Romance,0,0
320,Despicable Me 2,Chery,Mangon,Animation|Children|Comedy|IMAX,0,0
321,Z Channel: A Magnificent Obsession,Garry,Denkin,Documentary,0,0
322,Warm Bodies,Norri,Chalmers,Comedy|Horror|Romance,0,0
323,See You Next Tuesday,Shannon,Coyett,Comedy|Drama,0,0
324,Dark Floors,Katusha,Betteriss,Fantasy|Horror,1,0
325,Posse,Chen,Hurrion,Western,0,0
326,"Falls, The",Fabien,Firby,Drama|Sci-Fi,0,0
327,Chan Is Missing,Ceciley,Abramowsky,Crime,0,0
328,Blue Car,Simone,McIlwrath,Drama,1,0
329,Black Girl (La noire de...),Jess,Jagoe,Drama,0,0
330,Kill the Irishman,Tammi,Christou,Action|Crime,0,0
331,3000 Miles to Graceland,Carny,Trembley,Action|Thriller,1,0
332,Casanova Brown,Ediva,Mobius,Comedy,0,0
333,Devil in a Blue Dress,Frannie,Fulleylove,Crime|Film-Noir|Mystery|Thriller,0,0
334,"Haunted House, A",Sisile,Gorsse,Comedy|Horror,0,0
335,Cedar Rapids,Saw,Dallyn,Comedy,0,0
336,Copenhagen,Franz,Livsey,Adventure|Drama|Romance,0,0
337,Hush,Chrystal,Abrahams,Horror|Thriller,0,0
338,Conspiracy,Nolly,Snellman,Drama|War,0,0
339,House Party: Tonight's the Night,Roxanna,Hinrichs,(no genres listed),0,0
340,My First Mister,Vivie,Gorse,Comedy|Drama,0,0
341,"House of Seven Corpses, The",Bartholomew,Jermyn,Horror,0,0
342,Americathon,Sadye,Chinery,Comedy|Sci-Fi,0,0
343,Left Behind: World at War,Myrtia,Ayce,Drama,0,0
344,The Hire: Ambush,Kerstin,Tunnow,Action,0,0
345,Columbus Circle,Josephine,Brownfield,Crime|Mystery|Thriller,0,0
346,Outside the Law,Jacinta,Spurritt,Action,0,0
347,"Great Rock 'n' Roll Swindle, The",Titos,Lovart,Documentary,0,0
348,"Decline of the American Empire, The (Déclin de l'empire américain, Le)",Evvie,Groocock,Comedy|Drama,0,0
349,Kill Buljo: The Movie,Celesta,Muat,Action|Comedy,0,0
350,Café Metropole,Chere,Cattonnet,Comedy|Drama|Romance,1,0
351,Dead End Drive-In,Allx,Lebel,Action|Drama|Horror|Sci-Fi|Thriller,0,0
352,"Tom, Dick and Harry",Carroll,Pherps,Comedy|Fantasy|Romance,0,0
353,Faat Kiné,Frayda,Addekin,Comedy|Drama,0,0
354,Everybody's All-American,Anitra,Rapin,Romance,0,0
355,Off and Running ,Romonda,Handy,Documentary,2,0
356,"Final, The",Jackson,Tibols,Drama|Horror|Thriller,0,0
357,Out On A Limb,Mischa,Renzullo,Comedy,0,0
358,Bob Saget: That Ain't Right,Dickie,Polly,Comedy,0,0
359,Dogtooth (Kynodontas),Derrick,Yeude,Drama,0,0
360,In Her Shoes,Camille,Stanlike,Comedy|Drama,0,0
361,"General, The",Cristy,Hentze,Crime,2,0
362,Bigfoot,Rudolf,Klaas,Adventure|Horror|Sci-Fi,0,0
363,Colourful (Karafuru),Alisander,Georgins,Animation|Drama|Fantasy|Mystery,0,0
364,Tristan & Isolde,Dewain,MacCartair,Drama|Romance,0,0
365,"First Grader, The",Uta,Kindall,Drama,0,0
366,Cooperstown,Cassi,Hatfield,Drama,0,0
367,"Gospel of John, The",Philipa,Walliker,Drama,0,0
368,Duma,Baryram,Cavee,Adventure|Drama,0,0
369,Grass: A Nation's Battle for Life,Lukas,Dowall,Documentary,0,0
370,Some Guy Who Kills People,Annnora,Lasslett,Comedy|Thriller,0,0
371,Castaway on the Moon (Kimssi pyoryugi),Iolande,Ollis,Comedy|Drama|Romance,0,0
372,Who Can Kill a Child? (a.k.a. Island of the Damned) (¿Quién puede matar a un niño?),Francis,Hallewell,Horror|Mystery|Thriller,0,0
373,Tora! Tora! Tora!,Seka,Mulliner,Action|Drama|War,1,0
374,Life,Fanchette,McAughtry,Comedy|Crime|Drama,0,0
375,Born to Fight,Corella,Aery,Action|Children|Drama,0,0
376,Polyester,Sandy,Ormes,Comedy,0,0
377,Are You Listening?,Dennie,Hiseman,Drama,0,0
378,Rooster Cogburn,Minette,Dommerque,Comedy|Western,0,0
379,Divorce,Clarabelle,Edelheit,Drama,0,0
380,Underworld: Rise of the Lycans,Ode,Shearstone,Action|Fantasy|Horror|Thriller,0,0
381,"January Man, The",Gail,Langelaan,Comedy|Crime|Mystery|Thriller,0,0
382,Wedding Crashers,Freeland,Donnellan,Comedy|Romance,0,0
383,"Final Destination, The (Final Destination 4) (Final Destination in 3-D, The)",Alyson,Giacobini,Horror|Thriller,0,0
384,Dog Park,Carleton,Kinsell,Comedy|Romance,0,0
385,Pirates of Silicon Valley,Brewster,Trevains,Documentary|Drama,0,0
386,"Bishop's Wife, The",Granny,Rubbens,Comedy|Drama|Romance,0,0
387,Our Idiot Brother,Leoline,Waugh,Comedy,2,0
388,Talking About Sex,Elizabet,Pogg,Comedy|Drama,0,0
389,White Dog,Marlowe,Caso,Drama|Horror|Thriller,0,0
390,Road Trip,Martina,Adcock,Comedy,2,0
391,Jersey Girl,Mikey,Bowich,Comedy|Drama|Romance,0,0
392,Demons (Dèmoni),Nonie,Skaif,Horror,0,0
393,Illusion Of Blood,Trip,Everit,Fantasy|Horror,0,0
394,Birdemic: Shock and Terror,Sada,Reyne,Romance|Thriller,0,0
395,Pelle the Conqueror (Pelle erobreren),Germain,Curteis,Drama,0,0
396,Don't Drink the Water,Eddy,Sharram,Comedy,0,0
397,"Frightened City, The",Erhart,Sanday,Crime|Drama|Film-Noir,1,0
398,Conrack,Pepita,Blade,Drama,0,0
399,Big Bad Mama II,Oliver,Steuart,Action|Comedy,0,0
400,Scarlet Street,Norby,Cumming,Film-Noir,0,0
401,House Hunting,Ian,Cruikshank,Mystery|Thriller,1,0
402,"Matter of Taste, A (Affaire de Goût, Une)",Eb,Izzatt,Crime|Drama|Thriller,0,0
403,"Hills Have Eyes, The",Hetty,Sottell,Drama|Horror|Thriller,0,0
404,The Search for Santa Paws,Benedick,Sabey,Adventure|Children,2,0
405,Black Bread (Pa Negre),Kiley,Adrien,Drama,0,0
406,"Emperor Waltz, The",Massimiliano,Sheepy,Comedy|Musical|Romance,0,0
407,Five Dedicated to Ozu,Averyl,Evesque,Documentary,1,0
408,Black Moon Rising,Gerhardine,Moloney,Action|Crime|Sci-Fi|Thriller,0,0
409,Eyes Wide Shut,Cybil,Garken,Drama|Mystery|Thriller,0,0
410,Sliver,Garvin,Aim,Thriller,0,0
411,Diana,Truman,Dake,Drama|Romance,0,0
412,Standard Operating Procedure,Andre,Abramin,Crime|Documentary|War,0,0
413,Broken English,Cross,Krause,Drama,0,0
414,Waterworld,Marysa,Ullyatt,Action|Adventure|Sci-Fi,0,0
415,White Lightnin',Karim,Dominicacci,Drama,0,0
416,Taken,Yolanda,Ciubutaro,Action|Crime|Drama|Thriller,0,0
417,What's Eating Gilbert Grape,Eustacia,Coumbe,Drama,0,0
418,Bowfinger,Carolann,Kasting,Comedy,0,0
419,Christmas in Connecticut,Ailis,Bertram,Comedy|Romance,0,0
420,Captain EO,Isaak,Spenton,Adventure|Children|Comedy|Musical|Sci-Fi,1,0
421,"Mindscape of Alan Moore, The",Alfonse,Escreet,Documentary,0,0
422,Sniper: Reloaded ,Heloise,Sealy,Action|Drama|Thriller|War,0,0
423,American Movie,Giulio,Nazareth,Documentary,0,0
424,Kidnapped,Weston,Brandel,Adventure|Children|Drama,0,0
425,"Million Ways to Die in the West, A",Henderson,Meiklam,Comedy|Western,0,0
426,"Heart in Winter, A (Un coeur en hiver)",Virgie,Atwood,Drama|Romance,0,0
427,Nothing Personal,Clemmy,Prahl,Drama,0,0
428,Tetro,Binnie,Becraft,Drama|Mystery,0,0
429,H.H. Holmes: America's First Serial Killer,Adore,Winston,Crime|Documentary,0,0
430,Somewhere Between,Giustina,Towlson,Documentary,0,0
431,"Importance of Tying Your Own Shoes, The (Hur många lingon finns det i världen?)",Clara,Andrioletti,Drama,0,0
432,Dr. Jack,Afton,Gallard,Comedy,0,0
433,Ace Attorney (Gyakuten saiban),Lenora,Breazeall,Comedy|Crime|Drama,0,0
434,Lovely to Look At,Benyamin,Tillerton,Comedy|Musical|Romance,0,0
435,Fur: An Imaginary Portrait of Diane Arbus,Freda,Brewis,Drama|Fantasy|Romance,0,0
436,John Q,Morganica,Ruddin,Crime|Drama|Thriller,0,0
437,No End in Sight,Robyn,Shelbourne,Documentary,0,0
438,Free Willy 3: The Rescue,Philis,Peevor,Adventure|Children|Drama,0,0
439,Cop Land,Christy,Galiero,Action|Crime|Drama|Thriller,0,0
440,Somersault,Calida,Szymonwicz,Drama,0,0
441,Yesterday,Catie,McGarrity,Drama,0,0
442,My Neighbor Totoro (Tonari no Totoro),Eal,Orto,Animation|Children|Drama|Fantasy,0,0
443,"SpongeBob Movie: Sponge Out of Water, The",Siward,Thurlbeck,Adventure|Animation|Children|Comedy,0,0
444,Private,Stefano,Stickins,Drama|War,0,0
445,Darling,Francklin,Thick,Drama,0,0
446,Wolf Creek 2,Ned,Duffy,Horror|Thriller,0,0
447,No Small Affair,Mireille,Fist,Comedy|Romance,0,0
448,"Nutty Professor, The",Roxy,Caddock,Comedy|Sci-Fi,0,0
449,Soul Men,Westleigh,Cuxon,Comedy|Musical,0,0
450,Fools' Parade,Brigit,O'Hagerty,Comedy|Drama|Thriller,0,0
451,Gory Gory Hallelujah,Hillary,Crunkhurn,Comedy|Fantasy|Horror,2,0
452,Tyrannosaur,Mikey,Dreelan,Drama,0,0
453,Die Frau des Frisörs,Tami,Shere,Drama,0,0
454,"Maradona, the Hand of God (Maradona, la mano di Dio)",David,Bleasby,Drama,0,0
455,I Am the Law,Ottilie,Jewsbury,Crime|Drama,0,0
456,"Countess, The",Margret,Capponer,Drama|Thriller,0,0
457,Midnight Mary,Dorita,Druitt,Crime|Drama|Romance,0,0
458,Army of Crime (L'armée du crime),Kissee,Thomann,Drama|Thriller|War,0,0
459,Something of Value,Valentia,Mitro,Drama,1,0
460,"God Who Wasn't There, The",Alida,Osbourne,Documentary,0,0
461,Blame (6 Films to Keep You Awake) (Películas para no dormir: La culpa),Silas,Jean,Drama|Horror|Mystery,0,0
462,Love Sick (Legaturi bolnavicioase),Shelbi,Cancott,Drama,0,0
463,"King's Speech, The",Page,Partridge,Drama,0,0
464,That Championship Season,Selle,Dimitrov,Drama,0,0
465,White Shadows in the South Seas,Micaela,Dullard,Drama|Romance,0,0
466,Vibes,Marcela,Pinkard,Adventure|Comedy|Romance,0,0
467,Bright Eyes,Teodor,Doylend,Comedy|Drama,0,0
468,"Confucian Confusion, A (Du li shi dai)",Ruby,Altham,Comedy,0,0
469,North West Mounted Police,Ross,Cazalet,Action|Adventure|Drama|Romance|Western,0,0
470,Twenty-Four Eyes (Nijûshi no hitomi),Matty,Allom,Drama,0,0
471,"Man Behind the Gun, The",Andra,Antonin,Western,0,0
472,Cyclo (Xich lo),Koo,McKernon,Crime|Drama,0,0
473,Shut Up & Sing,Andy,Vasse,Documentary,0,0
474,P2,Jone,D'Souza,Horror|Thriller,0,0
475,Supernova,Hyacintha,Zoanetti,Adventure|Sci-Fi|Thriller,0,0
476,Tora-san's Rise and Fall (Otoko wa tsurai yo: Torajiro aiaigasa),Hamil,Hobbing,Comedy,0,0
477,Happy Campers,Nicholle,Wickling,Comedy,0,0
478,"Slipping-Down Life, A",Skell,Dumpleton,Drama|Romance,0,0
479,Mississippi Burning,Tabb,Broadbere,Crime|Drama|Thriller,1,0
480,Amazing Journey: The Story of The Who,Britteny,Le Clercq,Documentary,0,0
481,Bringing Up Bobby,Eric,Akess,Comedy,0,0
482,Northern Soul,Jesselyn,Gummory,Drama,0,0
483,Who Killed Vincent Chin?,Ruperto,Belshaw,Crime|Documentary,0,0
484,My Awkward Sexual Adventure,Constantina,Chattaway,Comedy,1,0
485,Waiting...,Natividad,Rosekilly,Comedy,0,0
486,"Hijacking, A (Kapringen)",Dareen,Kob,Drama|Thriller,0,0
487,Crazy Horse,Bethena,Burness,Documentary,0,0
488,Twenty-Four Eyes (Nijûshi no hitomi),Randie,Fidelli,Drama,0,0
489,Rize,Frederic,Maasze,Documentary,0,0
490,Theodore Rex,Shina,Beckinsall,Comedy,0,0
491,MC5*: A True Testimonial,Hailee,Fulkes,Documentary,0,0
492,Kung Phooey!,Gipsy,Petyankin,Comedy,0,0
493,Crocodile (Ag-o),Aymer,Wavish,Drama,0,0
494,Barry Lyndon,Sammie,McKane,Drama|Romance|War,0,0
495,"United States of Leland, The",Nancie,Runham,Crime|Drama,0,0
496,"Keeper, The",Ramsey,Ellesmere,Crime|Drama|Thriller,0,0
497,Dying Room Only,Margarethe,McGarrie,Horror|Mystery|Thriller,1,0
498,True Crime,Dunstan,Gossage,Mystery|Thriller,0,0
499,"Handful of Dust, A",Robyn,Goad,Drama,0,0
500,In the Good Old Summertime,Genovera,Myton,Musical,0,0
501,"Largo Winch (Heir Apparent: Largo Winch, The)",Tommy,Gilardengo,Adventure|Thriller,0,0
502,Alex Cross,Manon,Wynch,Action|Crime|Mystery|Thriller,0,0
503,Selena,Stormy,Dysert,Drama|Musical,0,0
504,Lonely Street,Otes,Wrate,Comedy|Mystery,1,0
505,Triad Underworld (Gong wu) (Jiang Hu),Bordie,Labbett,Action|Crime|Drama,0,0
506,"Woman, The",Irving,Egdell,Horror,0,0
507,The 'High Sign',Charlie,Wheatcroft,Comedy,2,0
508,In the Heart of the Sea,Rosalind,Snellman,Action|Adventure|Drama,0,0
509,"Blue Bird, The",Estrella,Mate,Children|Fantasy,0,0
510,EuroTrip,Dorotea,Naul,Adventure|Comedy,0,0
511,"White Hell of Pitz Palu, The (Die weiße Hölle vom Piz Palü) ",Mervin,Bramelt,Action|Adventure|Drama,0,0
512,"Necessary Death, A",Hyacintha,Creasey,Crime|Drama|Thriller,0,0
513,Hope Springs,Penelope,Cumbridge,Comedy|Drama,0,0
514,He Was a Quiet Man,Jenda,Tregunnah,Drama,0,0
515,Bee Season,Juline,Leaming,Drama,0,0
516,Army of Crime (L'armée du crime),Maxie,Dainty,Drama|Thriller|War,2,0
517,Oliver!,Cilka,Janse,Drama|Musical,0,0
518,All the Pretty Horses,Katti,Cheshir,Drama|Romance|Western,1,0
519,Getaway,Lalo,Alfonsini,Action|Crime,0,0
520,Two Sisters from Boston,Sylvia,MacComiskey,Comedy|Musical,0,0
521,Silent Witness (Do Not Disturb),Nelie,Olech,Action|Comedy|Thriller,0,0
522,"Wrong Guys, The",Estell,Mabee,Comedy,0,0
523,"3 Rooms of Melancholia, The (Melancholian 3 huonetta)",Terrell,Manueau,Documentary,0,0
524,Number Seventeen (a.k.a. Number 17),Aldric,Antrobus,Thriller,0,0
525,Easier with Practice,Ode,Winborn,Drama|Romance,0,0
526,Open Season,Elset,Serfati,Comedy,0,0
527,Bad Company,Avie,Lodewick,Action|Crime|Drama,0,0
528,All That Heaven Allows,Virginie,Bumphries,Drama|Romance,0,0
529,Tied,Lyle,Crosser,Drama,0,0
530,Star Trek IV: The Voyage Home,Corenda,Dunton,Adventure|Comedy|Sci-Fi,0,0
531,Burnt Offerings,Patten,Strewthers,Horror,0,0
532,Endless Love,Bevan,Geydon,Drama|Romance,0,0
533,"Road to Wellville, The",Si,Billington,Comedy,0,0
534,Jules and Jim (Jules et Jim),Kyla,Shelford,Drama|Romance,0,0
535,See This Movie,Muffin,Khosa,Comedy,1,0
536,Steal a Pencil for Me,Eberto,Pharrow,Documentary|Romance,0,0
537,Bikini Summer,Lawry,Kitchingman,Comedy,0,0
538,Passion Fish,Lonny,Brabon,Drama,1,0
539,Mabel's Married Life,Mary,Rockall,Comedy,0,0
540,Fed Up,Reube,Steel,Documentary,0,0
541,Bad Company,Gordie,Savery,Action|Crime|Drama,0,0
542,TV Junkie,Andi,Wapplington,Documentary,0,0
543,Yi Yi,Sybyl,Geistmann,Drama,1,0
544,Sada,Teador,Sibary,Drama,0,0
545,"Smile Like Yours, A",Madelaine,Pilsworth,Comedy|Romance,0,0
546,"Fury, The",Ilse,Chamberlen,Horror,0,0
547,"Tür, Die (Door, The)",Inger,Julien,Drama|Mystery|Sci-Fi,0,0
548,Shanghai Surprise,Jillana,Valero,Adventure|Crime|Drama|Romance,1,0
549,Out of the Blue,Bronnie,Adrain,Drama,0,0
550,"Prize, The",Evaleen,Suatt,Drama|Mystery|Thriller,1,0
551,Morsian yllättää,Rocky,Burridge,Comedy,1,0
552,Blessed Event,Annamaria,Friatt,Comedy|Drama,0,0
553,Jimmy Carter Man from Plains,Roanna,Telford,Documentary,0,0
554,Scary Movie 2,Edith,Seven,Comedy,0,0
555,See Heaven,Frankie,Mackneis,Documentary,0,0
556,"Last Chance: Diary of Comedians, The (Bokutachi no koukan nikki)",Rab,Killgus,Comedy|Drama,0,0
557,Steep,Klarika,Bifield,Documentary,0,0
558,Fear X,Elihu,Jaqueme,Mystery|Thriller,0,0
559,Scarlet Diva,Harbert,Loughan,Drama,0,0
560,Corvette Summer,Nerita,Mallabon,Adventure|Comedy,0,0
561,"Afflicted, The",Talbot,Janik,Horror|Thriller,0,0
562,The Hunting Ground,Carmine,Ledner,Documentary,0,0
563,Live Wire,Bendicty,Bousler,Action,0,0
564,Dana Carvey: Squatting Monkeys Tell No Lies,Wakefield,Ollive,Comedy,0,0
565,Chapayev,Ansell,Josephoff,Drama|War,0,0
566,Smokey and the Bandit III,Francine,Casserley,Action|Comedy,1,0
567,In the Shadow of the Machine,Claudian,Finnis,Documentary,0,0
568,Mina Tannenbaum,Effie,Narup,Drama,0,0
569,Mac,Jolyn,Metzel,Drama,0,0
570,Tenderness,Franni,Coneau,Crime|Drama|Thriller,0,0
571,BloodRayne: The Third Reich,Lula,Scrange,Action|Adventure|Fantasy|Horror,0,0
572,Good Will Hunting,Selie,Leggon,Drama|Romance,0,0
573,"Devil's Rain, The",Calhoun,Hubbard,Horror,1,0
574,Moonlight Mile,Meryl,Parlot,Drama|Romance,2,0
575,The Hungover Games,Bernice,Beswick,Comedy,0,0
576,Two Deaths,Phillida,Salkeld,Drama,1,0
577,Ponterosa,Lesli,Lathey,Comedy,0,0
578,Beyond the Door II (Schock) (Shock) (Suspense),Virgie,Wyld,Horror,0,0
579,Bad Blood (Mauvais sang),Maddi,Chidley,Crime|Drama|Romance,0,0
580,Sagebrush Trail,Ashbey,Lidgley,Western,0,0
581,"Shrink Is In, The",Doug,Lamacraft,Comedy|Romance,0,0
582,"3 Worlds of Gulliver, The",Bartram,Clowes,Adventure|Fantasy,0,0
583,Something in the Air (Apres Mai),Linzy,Kenworthy,Action|Drama,0,0
584,Only the Lonely,Zolly,Werndley,Comedy|Romance,0,0
585,A Spell to Ward Off the Darkness,Loreen,Kaming,Documentary,0,0
586,Transformers: Revenge of the Fallen,Royal,Benitez,Action|Adventure|Sci-Fi|IMAX,0,0
587,M*A*S*H (a.k.a. MASH),Willy,Varns,Comedy|Drama|War,0,0
588,One-Way Ticket to Mombasa (Menolippu Mombasaan),Nanette,Phebee,Comedy|Drama,0,0
589,Paper Planes,Pegeen,Gommey,Children,0,0
590,"Curiosity of Chance, The",Gayla,Soars,Comedy,0,0
591,Free Money,Camala,Abramovitch,Comedy|Crime,0,0
592,Julian Po,Briano,La Croce,Comedy|Drama,0,0
593,Evergreen,Felic,Cobbe,Drama,0,0
594,Cinemania,Donelle,Rosenau,Documentary,0,0
595,Beyond Bedlam,Lancelot,Mapledorum,Drama|Horror,0,0
596,Dogma,Darell,Skyner,Adventure|Comedy|Fantasy,0,0
597,Gloriously Wasted,Cord,Coultish,Comedy,1,0
598,Kink,Corey,Perott,Documentary,0,0
599,Just Anybody (Le premier venu),Romola,McLay,Drama|Romance,0,0
600,Elles,Dorene,Comelini,Drama,0,0
601,For Love or Money,Genni,Gregore,Comedy|Romance,0,0
602,Secrets & Lies,Mady,Chanson,Drama,0,0
603,"Conversation, The",Willamina,Bernhardsson,Drama|Mystery,0,0
604,"Banishment, The (Izgnanie)",Shirl,Hargreave,Drama,0,0
605,Disconnect,Chickie,Coot,Drama|Thriller,0,0
606,Four Sahibjade,Corbett,Bossom,Animation,0,0
607,The Trip to Bountiful,Tessy,Micheu,Drama,2,0
608,"Best Man Holiday, The",Eirena,Bellham,Comedy|Drama,2,0
609,Miguel and William (Miguel y William),Adriano,Klimontovich,Comedy|Romance,0,0
610,"Plumm Summer, A",Lee,Jobke,Adventure,0,0
611,Sitting Pretty,Cristionna,Dmitr,Comedy,0,0
612,It's Pat,Hilde,Scholler,Comedy,1,0
613,Fair Game,Orren,Renzini,Action,0,0
614,Titanic Town,Harlan,Katt,Drama,2,0
615,Yu-Gi-Oh!,Byram,Cornil,Animation,0,0
616,Revenge,Shirleen,Davenport,Drama|Romance|Thriller,0,0
617,"Last Play at Shea, The",Chrisse,Delle,Documentary|Musical,0,0
618,Big Bad Mama,Fabian,Connop,Action|Comedy,0,0
619,"Life of Jesus, The (La vie de Jésus)",Hebert,Witcher,Drama,0,0
620,Blackbird,Rene,Grinnov,Animation,0,0
621,Luther the Geek,Ambrose,Akister,Horror,0,0
622,Another Gay Movie,Gwenny,Mea,Comedy,2,0
623,The Boogens,Pascal,Hutson,Horror,0,0
624,Blood Games ,Augustine,Stollen,Action|Thriller,0,0
625,Street Fight,Kippie,MacMickan,Documentary,0,0
626,"Red Violin, The (Violon rouge, Le)",Emogene,Abbatini,Drama|Mystery,0,0
627,Ill Manors,Antoine,Rickis,Crime|Drama,0,0
628,Joe Somebody,Dollie,Cowtherd,Comedy|Drama|Romance,0,0
629,Lola,Findlay,Billing,Drama,0,0
630,"Ronde, La",Vilma,Skippen,Drama,0,0
631,Dames,Othilia,Dunlap,Comedy|Musical,1,0
632,Bridge of Dragons,Berry,Norvell,Action|Romance|Sci-Fi|Thriller,0,0
633,"Selfish Giant, The",Tybalt,Hardcastle,Drama,0,0
634,Santa Claus: The Movie,Mic,Goulbourne,Adventure|Children|Fantasy,1,0
635,"South, The (Lomalla)",Letta,Sayburn,Drama|Thriller,0,0
636,Girl of the Golden West,Beniamino,Matuszinski,Musical|Romance|Western,0,0
637,Trancers II,Willdon,Ughi,Action|Sci-Fi,0,0
638,The Trial of Lee Harvey Oswald,Johan,Pladen,Drama,0,0
639,Open Heart,Rosamond,Camden,Documentary,0,0
640,Three Colors: Blue (Trois couleurs: Bleu),Garnet,Shute,Drama,1,0
641,Before Sunrise,Neils,Santus,Drama|Romance,0,0
642,Trailer Park Boys: The Movie,Penelope,Itchingham,Comedy|Crime,0,0
643,"Kid from Brooklyn, The",Betteanne,Hearne,Comedy,0,0
644,It's Pat,Gwenore,Lamasna,Comedy,0,0
645,Budrus,Letizia,Fahy,Documentary,0,0
646,"Tarzan, the Ape Man",Chick,Grabiec,Adventure,0,0
647,Visitor Q (Bizita Q),Lesley,Anear,Comedy|Drama|Horror,0,0
648,Addicted,Gilberte,Heaslip,Drama,0,0
649,Sword of the Stranger (Sutorejia: Mukô hadan),Susanna,Mothersdale,Action|Adventure|Animation,0,0
650,"300 Spartans, The",Nicole,Baskett,Adventure|Drama|War,0,0
651,Black Dragons,Lesley,De Winton,Mystery|Thriller|War,0,0
652,In the Blood,Rozanne,Bocking,Action|Crime|Thriller,0,0
653,Spontaneous Combustion,Rasla,Greetham,Horror|Sci-Fi|Thriller,0,0
654,48 Shades,Eddie,Dumbell,Comedy|Drama,0,0
655,Deceptive Practice: The Mysteries and Mentors of Ricky Jay,Gray,Veldstra,Documentary,0,0
656,Robinson Crusoe on Mars,Stefanie,Lodder,Sci-Fi,0,0
657,Death Wish,Karrie,Deviney,Action|Crime|Drama,0,0
658,Halloween: Resurrection (Halloween 8),Jacquetta,Danjoie,Horror|Thriller,0,0
659,I Am Not a Hipster,Carol-jean,Gregr,Drama,0,0
660,Better Than Sex,Tibold,Larkworthy,Comedy|Romance,0,0
661,Dr. Jekyll and Mr. Hyde,Jennie,Goodrum,Drama|Horror|Sci-Fi,2,0
662,The Hatchet Man,Spencer,Rivalant,Crime|Drama,0,0
663,"Night, The (Notte, La)",Conni,Kennerley,Drama,0,0
664,When Evening Falls on Bucharest or Metabolism,Skippie,Cardwell,(no genres listed),0,0
665,Angela,Eve,McIlmorie,Drama,2,0
666,Number Seventeen (a.k.a. Number 17),Marcellus,Vedekhov,Thriller,0,0
667,Lilting,Ilario,Miskelly,Drama,0,0
668,I Think I Do,Belle,Pooley,Comedy,0,0
669,Mean Guns,Morgan,Tapsfield,Action|Crime|Thriller,0,0
670,We All Loved Each Other So Much (C'eravamo tanto amati),Gianna,Mirando,Comedy|Drama,1,0
671,La discrète,Gabbie,Wisedale,Drama|Romance,0,0
672,Oliver & Company,Clerc,Doidge,Adventure|Animation|Children|Comedy|Musical,0,0
673,How I Got Into College,Ambrosio,Ketteringham,Comedy|Romance,0,0
674,"Parent Trap, The",Mordecai,Gilburt,Children|Comedy|Romance,0,0
675,Blue Skies,Ketti,Carlett,Comedy|Drama|Musical|Romance,0,0
676,Catwalk,Adiana,Sheraton,Documentary,0,0
677,"Merry Widow, The",Ellie,Beynon,Comedy|Musical|Romance,0,0
678,Jesus of Montreal (Jésus de Montréal),Rosemarie,Hallede,Drama,0,0
679,Under Fire,Adamo,Kluge,Drama|Thriller|War,0,0
680,Captain Video: Master of the Stratosphere,Pen,Gilbane,Adventure|Sci-Fi,2,0
681,October,Andie,Ohrt,Drama|War,0,0
682,"Emperor and the Assassin, The (Jing ke ci qin wang)",Powell,De Filippis,Drama,0,0
683,"Missing Person, The",Cristin,Gartin,Drama|Film-Noir|Mystery,0,0
684,Dead Men Tell,Jarret,McNeill,Comedy|Crime|Drama|Mystery|Thriller,0,0
685,Blue Vinyl,Gregoor,Malbon,Documentary,1,0
686,Patti Smith: Dream of Life,Prudy,Hankinson,Documentary,0,0
687,Mickey's Twice Upon a Christmas,Jehanna,Scoggins,Animation|Children|Comedy,0,0
688,Apnea (Apnoia),Pattin,Fiorentino,Drama,0,0
689,Malta G.C.,Obie,Carren,Documentary|War,0,0
690,Hammer of the Gods,Bard,Beric,Action,0,0
691,"Lords of Discipline, The",Corbin,Broadhead,Thriller,0,0
692,Katt Williams: Priceless: Afterlife,Clotilda,Lightman,Comedy,1,0
693,All That Jazz,Raviv,Brobak,Drama|Fantasy|Musical,0,0
694,Cinderella Man,Nicky,Eady,Drama|Romance,0,0
695,Greed,Cletis,Dunkerton,Drama,0,0
696,Up the Sandbox,Pip,Troppmann,Comedy,0,0
697,"Last Summer of La Boyita, The (El último verano de la Boyita)",Aube,Thacke,Drama,2,0
698,Even Money,Nola,Widdows,Crime|Drama,0,0
699,Dark House,Tucky,Marriot,Horror|Thriller,0,0
700,For a Woman (Pour une femme),Ram,Gabrieli,Drama|Romance|War,1,0
701,Stepfather II,Daphna,De Cristoforo,Horror|Thriller,0,0
702,"Hucksters, The",Douglas,McDougall,Drama,0,0
703,I Live My Life,Kati,Sowle,Comedy|Romance,0,0
704,Torn Curtain,Tessy,Lord,Thriller,0,0
705,"Rich Man's Wife, The",Hansiain,McCanny,Thriller,0,0
706,Men with Guns,Minette,Eldritt,Action|Drama,2,0
707,Chasing Papi (a.k.a. Papi Chulo),Vlad,Satchell,Comedy,0,0
708,Nobody Wants the Night,Lucine,Scardifield,Drama,0,0
709,Cutie and the Boxer,Jamal,Yetton,Documentary,0,0
710,"White Rose, The (Weiße Rose, Die)",Jacki,De Hoogh,Drama|Film-Noir,0,0
711,State Affairs (Une affaire d'état),Nicholas,Nardoni,Thriller,0,0
712,Hot Rod,Swen,Meneyer,Comedy,0,0
713,"Four Seasons (Seasons, The) (Vremena goda)",Kort,Normanville,Documentary,0,0
714,"Welcome Back, Mr. McDonald (Rajio no jikan)",Alyssa,Fawdry,Comedy,0,0
715,Perfumed Nightmare,Darcey,Dryburgh,Comedy|Drama,0,0
716,Lone Survivor,Jorey,Masdin,Action|Drama|Thriller|War,0,0
717,"Most Dangerous Man in America: Daniel Ellsberg and the Pentagon Papers, The",Angeline,Carwardine,Documentary,0,0
718,Castle Keep,Vale,Endrighi,Drama|War,0,0
719,Goofy Movies Number One,Evie,Sambals,Comedy,0,0
720,Rest Stop,Kristofor,Carrett,Horror|Thriller,0,0
721,I Don't Want to Sleep Alone (Hei yan quan),Christine,Kaas,Comedy|Drama,0,0
722,Ocean's Eleven (a.k.a. Ocean's 11),Flossy,Gosswell,Comedy|Crime,0,0
723,My Sister Eileen,Willi,Cominello,Comedy|Musical|Romance,0,0
724,"Lucky One, The",Jakie,Elgy,Drama,0,0
725,Limit (Limite),Gayel,Chaimson,Drama,0,0
726,Lockout,Alberta,Gaiford,Action|Sci-Fi|Thriller,0,0
727,Relationship Status: It's Complicated,Josh,Siflet,Comedy|Romance,1,0
728,The Referees,Mariska,Scranny,Documentary,0,0
729,"Unknown Known, The",Nolie,Macauley,Documentary,2,0
730,The End of the Tour,Joy,Sandys,Drama,0,0
731,"Thing with Two Heads, The",Tymothy,Davidai,Comedy|Horror|Sci-Fi,0,0
732,"Nanny, The",Sandy,Abadam,Drama|Thriller,0,0
733,"Love, Honour and Obey",Amata,Fullicks,Comedy|Crime|Drama,0,0
734,Jesse Stone: Sea Change,Fanchon,Eglington,Crime|Drama,0,0
735,Guy,Florri,Lukovic,Drama,1,0
736,Flirt,Darcey,Archambault,Drama,0,0
737,"Facts of Life, The",Darwin,Brogini,Comedy|Drama|Romance,0,0
738,Beneath,Gwen,Skitteral,Horror,0,0
739,Outrage,Dorelle,Astbery,Documentary,2,0
740,"Star Chamber, The",Ruprecht,Quigley,Action|Crime|Drama|Thriller,0,0
741,Bebe's Kids,Connie,Saffle,Animation|Children|Comedy,0,0
742,"Day They Robbed the Bank of England, The",Donn,Stops,Crime|Drama,0,0
743,Detour,Bonnie,Blankett,Crime|Film-Noir,0,0
744,On the Waterfront,Yvonne,Rustedge,Crime|Drama,0,0
745,Hansel & Gretel Get Baked,Mathias,Sciusscietto,Comedy|Horror,0,0
746,Bis zum Ellenbogen,Bert,Billes,Comedy,0,0
747,"Eclisse, L' (Eclipse)",Lyell,Shawe,Drama,1,0
748,Sidekicks,Estrella,Heed,Action|Adventure|Children|Comedy,1,0
749,"Last Kiss, The (Ultimo bacio, L')",Kevin,Aizikovich,Comedy|Drama|Romance,0,0
750,Carry on Behind,Elonore,MacMoyer,Comedy,0,0
751,Conan the Barbarian,Jarrid,Reichhardt,Action|Adventure|Fantasy,0,0
752,Beasts of the Southern Wild,Bibbye,Georgins,Drama|Fantasy,0,0
753,"Outlaw, The (Lope)",Dorris,Ech,Drama,0,0
754,"Comedy of Terrors, The",Darren,Derdes,Comedy|Horror,0,0
755,Kurt Cobain About a Son,Marina,McDirmid,Documentary|Musical,2,0
756,Star Wars: Episode V - The Empire Strikes Back,Walden,Durn,Action|Adventure|Sci-Fi,0,0
757,Sliding Doors,Allis,Vallantine,Drama|Romance,0,0
758,In July (Im Juli),Danya,Radmer,Comedy|Romance,0,0
759,Room for One More,Malanie,Farebrother,Comedy,2,0
760,Chronicles (Crónicas),Leone,McTear,Crime|Drama,0,0
761,Stella Maris,Cirilo,Thunder,Drama,0,0
762,Drive-In Horrorshow,Wendie,Vicker,Horror,0,0
763,My Way to Olympia (Mein Weg nach Olympia),Devlin,Linzey,Documentary,0,0
764,"Rock, The",Pancho,Piquard,Action|Adventure|Thriller,0,0
765,Je suis né d'une cigogne,Felipe,Collman,Comedy|Fantasy,1,0
766,Cutlet for Three (Ein Schnitzel für drei),Christie,Bezemer,Comedy,0,0
767,Homeboy,Ross,Gwyneth,Drama|Romance,0,0
768,Let's Scare Jessica to Death,Marcos,Ornils,Horror|Mystery,0,0
769,Very Bad Things,Langsdon,Carrel,Comedy|Crime,2,0
770,What's Love Got to Do with It?,Susanetta,Bresland,Drama|Musical,0,0
771,"Keys to the House, The (Chiavi di casa, Le)",Gasparo,Wyant,Drama,0,0
772,Young Winston,Sidonia,Mateja,Adventure|Drama|War,0,0
773,Out of Time,Costanza,Solly,Crime|Drama|Thriller,0,0
774,"Day in the Life, A",Rebekkah,Filipchikov,Crime|Drama|Thriller,0,0
775,Bad Ronald,Aubrie,Lecky,Drama|Horror|Thriller,0,0
776,"Easy Life, The (Il Sorpasso)",Jelene,Pirri,Comedy|Drama,0,0
777,Only Two Can Play,Elmore,Symcox,Comedy|Drama,0,0
778,"Fast and the Furious: Tokyo Drift, The (Fast and the Furious 3, The)",Danit,Firminger,Action|Crime|Drama|Thriller,2,0
779,"Missing, The",Lorene,Aizik,Adventure|Thriller|Western,0,0
780,"Night Strangler, The",Zaria,Fosserd,Crime|Horror|Mystery,0,0
781,Dark of the Sun,Lou,Lansberry,Action|Adventure|Drama|War,0,0
782,"Dance, Girl, Dance",Gerald,Eckh,Comedy|Drama,0,0
783,Master and Commander: The Far Side of the World,Jerrylee,Echelle,Adventure|Drama|War,0,0
784,Vivre sa vie: Film en douze tableaux (My Life to Live),Josie,Baudrey,Drama,0,0
785,Paradise,Ron,Squires,Drama,0,0
786,Where Were You When the Lights Went Out?,Raleigh,Dorrity,Comedy,1,0
787,Impulse,Randi,Cookley,Mystery|Thriller,1,0
788,"Turn of the Screw, The",Drew,Hellyar,Drama|Horror|Mystery,0,0
789,Professor Layton and the Eternal Diva (Eiga Reiton-kyôju to eien no utahime),Sherilyn,Simounet,Action|Adventure|Animation|Mystery|Sci-Fi,0,0
790,Moonlight Murder,Isa,Hullbrook,Mystery,2,0
791,Bend It Like Beckham,Maris,Pichan,Comedy|Drama|Romance,0,0
792,"Further Gesture, A",Mohammed,Gullifant,Drama,0,0
793,"Therese Raquin (a.k.a. Adultress, The)",Karolina,Humberstone,Crime|Drama|Romance,0,0
794,"Autobiography of Nicolae Ceausescu, The (Autobiografia lui Nicolae Ceausescu)",Baird,St Ledger,Documentary,0,0
795,"Centenarian Who Climbed Out the Window and Vanished, The (Hundraåringen som klev ut genom fönstret och försvann)",Muire,Hawton,Adventure|Comedy|Drama,0,0
796,Blind Justice (Hævnens nat),Angel,Hillburn,Drama|Mystery|Thriller,0,0
797,The Disembodied,Giustino,Carous,Horror,0,0
798,The Case of the Curious Bride,Shirlee,Mantrup,Comedy|Crime|Drama|Mystery,0,0
799,The Land,Leon,Coppeard,Documentary,0,0
800,"Wedding Director, The (Il regista di matrimoni)",Holly,Preator,Drama|Mystery,0,0
801,Charlie Chan's Chance,Berthe,Poxton,Mystery,0,0
802,Ocean's Eleven (a.k.a. Ocean's 11),Sharai,Hansard,Comedy|Crime,0,0
803,Korengal,Marti,Rome,Documentary|War,0,0
804,Mannequin 2: On the Move,Aeriela,Raubenheim,Comedy|Fantasy|Romance,0,0
805,Africa: Texas Style,Kylen,Steffans,Adventure|Western,0,0
806,Billion Dollar Brain,Saleem,Janaszewski,Drama|Thriller,0,0
807,Call Me Kuchu,Cathyleen,Brunn,Documentary,0,0
808,Ten,Chucho,Furnival,Drama,0,0
809,Sky Captain and the World of Tomorrow,Willdon,Treweke,Action|Adventure|Sci-Fi,0,0
810,"Day of the Doctor, The",Mavra,De Bruijn,Adventure|Drama|Sci-Fi,0,0
811,Moordwijven,Grannie,MacGee,Comedy,2,0
812,Under African Skies,Edouard,Lukasen,Documentary,0,0
813,Absolute Power,Rochella,Johnston,Mystery|Thriller,0,0
814,Monday Morning (Lundi matin),Nikki,Simmig,Comedy|Drama|Romance,0,0
815,Bloodbath at the House of Death,Fidel,Verralls,Comedy|Horror,0,0
816,Colossal Youth (Juventude Em Marcha),Jenni,Enns,Drama,0,0
817,"Wife, The",Sonja,Seel,Comedy|Drama,0,0
818,Eddie Izzard: Force Majeure Live,Gusta,Elders,Comedy,0,0
819,Where Are the Dreams of Youth? (Seishun no yume imaizuko),Raye,Smeuin,Drama,0,0
820,"Shooter, The",Gaby,Mardy,Western,2,0
821,Wyatt Earp's Revenge,Pietrek,Warmington,Action|Adventure|Drama,0,0
822,"Devil and Miss Jones, The",Bertrando,Cruickshank,Comedy|Romance,0,0
823,Ruthless People,Marve,Abrashkin,Comedy,0,0
824,"Waiting Game, The",Berna,Darwen,Comedy,0,0
825,Mi Amigo Hugo,Jamill,McGrory,Documentary,0,0
826,One Point O,Taryn,Philpin,Drama|Mystery|Sci-Fi|Thriller,0,0
827,Audrey Rose,Vernon,Yukhnev,Horror,0,0
828,Air Crew,Butch,Baldin,Action|Drama|Thriller,0,0
829,Clear History,Julieta,Cozens,Comedy,0,0
830,When Father Was Away on Business (Otac na sluzbenom putu),Darius,Chastey,Drama,0,0
831,Paulette,Jasun,Doyley,Comedy|Crime,0,0
832,The Chumscrubber,Betteanne,Garrioch,Comedy|Drama,0,0
833,Conan the Barbarian,Swen,Tivers,Action|Adventure|Fantasy,0,0
834,"Draughtsman's Contract, The",Gabbey,Brewis,Drama,0,0
835,"Stunt Man, The",Brady,Lander,Action|Adventure|Comedy|Drama|Romance|Thriller,0,0
836,"Don't Worry, I'm Fine (Je vais bien, ne t'en fais pas)",Lelia,Portress,Drama,0,0
837,"Spanish Apartment, The (L'auberge espagnole)",Deloria,Jerwood,Comedy|Drama|Romance,0,0
838,Women Aren't Funny,Mead,Red,(no genres listed),0,0
839,Ethel,Demeter,Fransman,Documentary,0,0
840,"Padrecito, El (Little Priest)",Yank,Zack,Comedy|Drama,0,0
841,"Footprints of a Spirit, The (Huellas de un espíritu)",Evaleen,Barnhart,Documentary,1,0
842,Desperate Journey,Renard,Fabri,Drama|War,0,0
843,Nicholas on Holiday,Robbi,Towse,Comedy,0,0
844,"Brief History of Time, A",Virginie,Byass,Documentary,1,0
845,Fat Man and Little Boy,Brew,Beeck,Drama,0,0
846,Daniel,Xymenes,Helstrip,Drama,0,0
847,Betty Boop's Hallowe'en Party,Piggy,Kase,Animation|Comedy|Horror,0,0
848,Zotz!,Amerigo,Woodier,Comedy|Fantasy|Horror,0,0
849,"Spanish Main, The",Dorise,Golborn,Adventure|Drama|Romance,0,0
850,She's All That,Christophorus,Leatherbarrow,Comedy|Romance,0,0
851,Vivien Leigh: Scarlett and Beyond,Madelon,Duhig,Documentary,0,0
852,Gilles' Wife (La femme de Gilles),Celle,Lehr,Drama,0,0
853,"Good Year, A",Marlow,Hames,Comedy|Drama|Romance,0,0
854,"Caddy, The",Michale,Parminter,Comedy|Musical,0,0
855,"Mortician, The",Quent,Tax,Thriller,0,0
856,"Good, the Bad and the Ugly, The (Buono, il brutto, il cattivo, Il)",Grantley,Spalding,Action|Adventure|Western,0,0
857,Sea Wife,Michelina,Gudgion,Drama|Romance,0,0
858,Atlantis: Milo's Return ,Else,Reary,Action|Adventure|Animation|Children|Comedy|Fantasy,0,0
859,Monsieur Lazhar,Eadith,Filyashin,Children|Comedy|Drama,0,0
860,Genius Within: The Inner Life of Glenn Gould,Chelsie,Tomek,Documentary,0,0
861,Bitch Hug (Bitchkram),Rowan,Richardin,Drama,0,0
862,The Young Savages,Reggie,Clifton,Crime|Drama,0,0
863,Come Have Coffee with Us,Andrus,Oddie,Comedy,0,0
864,Arsène Lupin Returns,Francyne,Blackham,Mystery,0,0
865,Mary Shelley's Frankenstein (Frankenstein),Banky,Tukely,Drama|Horror|Sci-Fi,0,0
866,Dead Silence,Netty,Schruyers,Action|Drama|Thriller,0,0
867,Dragonworld,Kimble,Lum,Adventure|Fantasy,0,0
868,Hamburger Hill,Eal,Harman,Action|Drama|War,0,0
869,Little Italy,Kennie,M'cowis,Action|Comedy,0,0
870,Blacula,Constancia,Kerby,Horror,0,0
871,Hamlet,Corry,Dabling,Crime|Drama|Romance|Thriller,0,0
872,Black and White in Color (Noirs et blancs en couleur),Gray,McJarrow,Drama|War,1,0
873,My Cousin Rachel,Amil,Ormond,Drama|Mystery|Romance,0,0
874,Hurt,Fredia,Heindrich,Drama|Horror|Thriller,0,0
875,Happy New Year (La Bonne Année),Maybelle,Capell,Comedy|Crime|Drama,0,0
876,14 Blades (Jin yi wei),Charley,Walshaw,Action|Drama,0,0
877,Buddha Collapsed Out of Shame,Abbe,Yann,Drama|War,0,0
878,Lake of Fire,Mord,Bound,Documentary,0,0
879,"Brain That Wouldn't Die, The",Lock,Hanaby,Horror|Sci-Fi,0,0
880,Paris Is Burning,Ofelia,Tilzey,Documentary,0,0
881,Between the Sheets (Entre Lençóis),Bancroft,Hendren,Drama|Romance,0,0
882,Avenging Angelo,Faina,Stothard,Action|Comedy|Crime,1,0
883,"Slumber Party Massacre, The",Kliment,Tilliards,Horror,2,0
884,"Lucía, Lucía (Hija del caníbal, La)",Putnam,Lauder,Comedy|Drama,0,0
885,The Photographer,Darb,Erricker,Drama,1,0
886,To Kill with Intrigue (Jian hua yan yu Jiang Nan),Miguela,Tangye,Action|Drama,0,0
887,"Titfield Thunderbolt, The",Frasquito,Twizell,Comedy,2,0
888,It's All About Love,Darrell,Noye,Drama|Romance|Sci-Fi|Thriller,0,0
889,Bubba Ho-tep,Rana,Feldfisher,Comedy|Horror,0,0
890,"Rutles 2: Can't Buy Me Lunch, The",Cacilie,Yukhnevich,Comedy|Documentary|Musical,0,0
891,Hell Up in Harlem,Nevil,Arboin,Crime,0,0
892,Nancy Drew,Berri,Theodoris,Adventure|Crime|Thriller,0,0
893,Kevin Hart: Seriously Funny,Tobye,Vass,Comedy,0,0
894,"Baby of Mâcon, The (a.k.a. The Baby of Macon)",Ernestine,Maccaig,Drama,0,0
895,Kung Phooey!,Ernestus,Misselbrook,Comedy,0,0
896,Beautiful Creatures,Neille,Esparza,Drama|Fantasy|Romance,0,0
897,Promised Land,Ring,Howler,Drama,0,0
898,Confidentially Yours (Vivement dimanche!),Norri,Culwen,Comedy|Crime|Mystery|Thriller,0,0
899,Jules and Jim (Jules et Jim),Julius,Argile,Drama|Romance,0,0
900,Farewell to the King,Amabel,Sellner,Action|War,0,0
901,Wrestling for Jesus: The Tale of T-Money,Lutero,Cordelle,Documentary,0,0
902,Pusher,Prescott,Rhubottom,Crime|Thriller,2,0
903,Amelia,Carrie,Deegin,Drama,2,0
904,"Patsy, The",Mac,Lomasny,Comedy|Drama|Romance,0,0
905,After Five in the Jungle (Nach Fünf im Urwald),Jackqueline,Duligal,Comedy|Romance,0,0
906,K-PAX,Romona,Zute,Drama|Fantasy|Mystery|Sci-Fi,0,0
907,Mea Maxima Culpa: Silence in the House of God,Auroora,Gerrad,Documentary,1,0
908,How I Unleashed World War II (Jak rozpetalem II wojne swiatowa),Arne,Bowling,Comedy|War,0,0
909,Enthusiasm (Entuziazm: Simfoniya Donbassa),Halimeda,Todarini,Documentary,2,0
910,Bullets Over Broadway,Em,Drissell,Comedy,0,0
911,"Dragon Missile, The (Fei long zhan)",Steffen,Tewkesberry,Action,0,0
912,"In-Laws, The",Shaine,Doret,Action|Comedy,0,0
913,4,Blinny,Cowterd,Drama,0,0
914,Milius,Barn,Whife,Documentary,0,0
915,Road Games (a.k.a. Roadgames),Pammy,Murden,Thriller,0,0
916,Wreckers,Faun,Guarin,Drama,0,0
917,Restraint,Ashbey,Mole,Drama|Thriller,0,0
918,Igby Goes Down,Laural,Niesegen,Comedy|Drama,0,0
919,Poolsite,Euphemia,Agass,Crime|Drama,0,0
920,Insurgent,Pearline,Searchwell,Action|Romance|Sci-Fi,0,0
921,Transporter 3,Jinny,Farnhill,Action|Adventure|Crime|Thriller,0,0
922,"Family Jewels, The (Eierdiebe)",Melisse,Downing,Comedy|Drama|Romance,0,0
923,Man on Wire,Theresita,Birtwell,Documentary,1,0
924,Being Julia,Joyce,Dumingo,Comedy|Drama,0,0
925,"Hobbit, The",Eugene,Eddowes,Animation|Children|Fantasy,0,0
926,12 Rounds 2: Reloaded,Kathleen,Orridge,Action|Adventure|Thriller,0,0
927,Enter Arsene Lupin,Aubrette,Ahmad,Crime|Drama,0,0
928,"Frozen North, The",Cornelle,Taylder,Comedy,0,0
929,Mary Reilly,Bordie,Domini,Drama|Horror|Thriller,0,0
930,Odd Couple (Bo ming chan dao duo ming qiang) (Eternal Conflict),Fulton,Chevins,Action|Adventure,2,0
931,Seyyit Khan: Bride of the Earth (Seyyit Han),Bambi,Baroche,Drama|Western,0,0
932,She's the Man,Yettie,Heims,Comedy|Romance,0,0
933,Invaders from Space,Aymer,Tills,Action|Sci-Fi,0,0
934,"Thirst for Love, The (Ai no kawaki)",Peirce,Blaby,Drama,0,0
935,Cruel Intentions 2 (Cruel Intentions 2: Manchester Prep),Pam,Bourgeois,Comedy|Drama,0,0
936,Munchies,Sig,Kleinmann,Comedy|Horror,0,0
937,"Canterbury Tale, A",Laryssa,Brosel,Drama|Mystery|War,1,0
938,Spontaneous Combustion,Eldin,Bricknell,Horror|Sci-Fi|Thriller,1,0
939,"Men, The",Tibold,Comsty,Drama,0,0
940,Rent-A-Cop,Neale,Cominetti,Action|Comedy|Crime,0,0
941,May in the Summer,Hall,Harmeston,Comedy|Drama,0,0
942,Savages,Ellerey,Bloomer,Comedy|Fantasy,0,0
943,Before and After,Trescha,Aery,Drama,0,0
944,Blade: Trinity,Ringo,Ornells,Action|Fantasy|Horror|Thriller,0,0
945,Electric Dragon 80.000 V,Sonnnie,Rubinfeld,Drama|Fantasy|Sci-Fi,0,0
946,"Toy, The",Nicoline,Rugieri,Comedy,0,0
947,"In-Laws, The",Sky,Juschke,Action|Comedy,0,0
948,"She No Longer Talks, She Shoots",Val,Todarello,Comedy,0,0
949,Dante's Inferno: An Animated Epic,Amber,Delete,Action|Animation|Fantasy,0,0
950,"Exterminating Angels, The (anges exterminateurs, Les)",Geneva,Darell,Drama|Fantasy|Romance,0,0
951,Blessed Event,Celestina,Robrow,Comedy|Drama,1,0
952,"Pink Ribbons, Inc.",Teodoor,Sivell,Documentary,0,0
953,Russian Doll,Michel,Ingall,Comedy|Romance,0,0
954,"I, Frankenstein",Violetta,Hasluck,Action|Fantasy|Sci-Fi|IMAX,0,0
955,"Letter From Death Row, A",Hymie,Elman,Crime|Drama,0,0
956,If Winter Comes,Jeremie,Copas,Drama,0,0
957,Jobs,Marietta,Dancy,Drama,0,0
958,"Family, The (Famiglia, La)",Evonne,Fever,Drama|Musical|Romance,0,0
959,13 Rue Madeleine,Padget,Dayce,Thriller|War,0,0
960,Not Forgotten,Carri,Jobb,Thriller,0,0
961,Heartbreaker (L'Arnacoeur),Amery,Charrette,Comedy|Romance,0,0
962,Scott Joplin,Elisha,O'Hartigan,Drama,0,0
963,"River, The",Karisa,Thireau,Drama|Romance,0,0
964,Double Indemnity,Leonore,Collopy,Crime|Drama|Thriller,0,0
965,Blackadder Back & Forth,Magnum,Joutapaitis,Comedy,0,0
966,"Knot, The",Pammie,Erridge,Comedy|Romance,0,0
967,Pippi on the Run (På rymmen med Pippi Långstrump),Danika,Muzzall,Children,0,0
968,Full Body Massage,Anna,Addionisio,Drama,0,0
969,That Hamilton Woman,John,Seeler,Drama|Romance|War,0,0
970,Into the Mind,Krissy,Sockell,Documentary,0,0
971,"Icicle Thief, The (Ladri di saponette)",Emile,Neasham,Comedy|Fantasy,0,0
972,Running Time,Ellen,Treneer,Crime|Thriller,0,0
973,Shelter,Jayson,Wittman,Drama|Romance,0,0
974,American Gigolo,Margot,Rainer,Drama,1,0
975,Desi Boyz,Megan,Goude,Comedy|Drama,0,0
976,"Color Purple, The",Brianna,Diggell,Drama,0,0
977,Tears of April (Käsky),Ambur,Delle,Drama|Romance|War,0,0
978,"Sommer der Gaukler, Der",Goldarina,Andrei,Comedy,0,0
979,Cheyenne Autumn,Melva,Yves,Western,1,0
980,Hard-Boiled (Lat sau san taam),Torry,Emtage,Action|Crime|Drama|Thriller,1,0
981,"Shot at Glory, A",Alexandros,Durdy,Drama,1,0
982,"Man Who Loved Women, The",Teodorico,Collings,Comedy,0,0
983,"Secret, A (Un secret)",Base,Jurries,Drama|War,0,0
984,Brass Target,Ki,Elix,Action|Drama|Mystery|Thriller,0,0
985,Full Metal Jacket,Cully,McCallion,Drama|War,0,0
986,Catching Hell,Heinrick,Nazareth,Documentary,0,0
987,Bill Bailey: Qualmpeddler,Renie,Le Houx,Comedy,0,0
988,"Nine Lives of Tomas Katz, The",Flin,Claiton,Comedy|Drama|Fantasy,0,0
989,"Flame of New Orleans, The",Trixi,Peacop,Comedy|Romance,0,0
990,Passage to Marseille,Roslyn,Wibberley,Adventure|Drama|War,0,0
991,"Piano, The",Britt,Riquet,Drama|Romance,1,0
992,"Green Ray, The (Rayon vert, Le)",Solomon,Plumstead,Drama|Romance,0,0
993,Go Tigers!,Riva,Dinzey,Documentary,0,0
994,Stoic,Mae,Wickrath,Drama,0,0
995,Return of the Living Dead: Rave to the Grave,Petronilla,Gudde,Comedy|Horror,0,0
996,"Thirteen, The (Trinadtsat)",Heywood,Poundesford,Adventure|War,2,0
997,Friday the 13th Part V: A New Beginning,Isahella,Folbige,Horror,1,0
998,Wichita,Kristien,Spavon,Action|Romance|Western,0,0
999,Totally F***ed Up,Celestyn,Raynes,Drama,0,0
1000,Chastity Bites,Mychal,Wallwood,Comedy|Horror,0,0
